-- Script de seed para dados de teste do dashboard
-- IMPORTANTE: Substitua 'SEU_USER_ID_AQUI' pelo ID do seu usuário antes de executar

-- Variável para o user_id (substitua pelo seu ID real)
-- Você pode encontrar seu ID na tabela 'users' ou no console do app

-- =============================================
-- TURMAS (3 turmas)
-- =============================================
INSERT INTO "Turma" (id, nome, ano_letivo, user_id, criado_em, atualizado_em) VALUES
('t1000001-0000-0000-0000-000000000001', '9º Ano A', 2025, 'SEU_USER_ID_AQUI', NOW(), NOW()),
('t1000001-0000-0000-0000-000000000002', '9º Ano B', 2025, 'SEU_USER_ID_AQUI', NOW(), NOW()),
('t1000001-0000-0000-0000-000000000003', '8º Ano A', 2025, 'SEU_USER_ID_AQUI', NOW(), NOW());

-- =============================================
-- ALUNOS - Turma 1 (9º Ano A) - 20 alunos
-- =============================================
INSERT INTO "Aluno" (id, nome, turma_id, criado_em, atualizado_em) VALUES
('a1000001-0001-0000-0000-000000000001', 'Ana Clara Silva', 't1000001-0000-0000-0000-000000000001', NOW(), NOW()),
('a1000001-0001-0000-0000-000000000002', 'Bruno Costa Santos', 't1000001-0000-0000-0000-000000000001', NOW(), NOW()),
('a1000001-0001-0000-0000-000000000003', 'Camila Oliveira', 't1000001-0000-0000-0000-000000000001', NOW(), NOW()),
('a1000001-0001-0000-0000-000000000004', 'Daniel Ferreira', 't1000001-0000-0000-0000-000000000001', NOW(), NOW()),
('a1000001-0001-0000-0000-000000000005', 'Eduarda Mendes', 't1000001-0000-0000-0000-000000000001', NOW(), NOW()),
('a1000001-0001-0000-0000-000000000006', 'Felipe Rodrigues', 't1000001-0000-0000-0000-000000000001', NOW(), NOW()),
('a1000001-0001-0000-0000-000000000007', 'Gabriela Almeida', 't1000001-0000-0000-0000-000000000001', NOW(), NOW()),
('a1000001-0001-0000-0000-000000000008', 'Henrique Lima', 't1000001-0000-0000-0000-000000000001', NOW(), NOW()),
('a1000001-0001-0000-0000-000000000009', 'Isabella Martins', 't1000001-0000-0000-0000-000000000001', NOW(), NOW()),
('a1000001-0001-0000-0000-000000000010', 'João Pedro Souza', 't1000001-0000-0000-0000-000000000001', NOW(), NOW()),
('a1000001-0001-0000-0000-000000000011', 'Larissa Pereira', 't1000001-0000-0000-0000-000000000001', NOW(), NOW()),
('a1000001-0001-0000-0000-000000000012', 'Lucas Barbosa', 't1000001-0000-0000-0000-000000000001', NOW(), NOW()),
('a1000001-0001-0000-0000-000000000013', 'Mariana Carvalho', 't1000001-0000-0000-0000-000000000001', NOW(), NOW()),
('a1000001-0001-0000-0000-000000000014', 'Nicolas Gomes', 't1000001-0000-0000-0000-000000000001', NOW(), NOW()),
('a1000001-0001-0000-0000-000000000015', 'Olivia Nascimento', 't1000001-0000-0000-0000-000000000001', NOW(), NOW()),
('a1000001-0001-0000-0000-000000000016', 'Pedro Henrique Dias', 't1000001-0000-0000-0000-000000000001', NOW(), NOW()),
('a1000001-0001-0000-0000-000000000017', 'Rafaela Ribeiro', 't1000001-0000-0000-0000-000000000001', NOW(), NOW()),
('a1000001-0001-0000-0000-000000000018', 'Samuel Cardoso', 't1000001-0000-0000-0000-000000000001', NOW(), NOW()),
('a1000001-0001-0000-0000-000000000019', 'Thais Moreira', 't1000001-0000-0000-0000-000000000001', NOW(), NOW()),
('a1000001-0001-0000-0000-000000000020', 'Vinicius Araujo', 't1000001-0000-0000-0000-000000000001', NOW(), NOW());

-- =============================================
-- ALUNOS - Turma 2 (9º Ano B) - 20 alunos
-- =============================================
INSERT INTO "Aluno" (id, nome, turma_id, criado_em, atualizado_em) VALUES
('a1000002-0001-0000-0000-000000000001', 'Alice Fernandes', 't1000001-0000-0000-0000-000000000002', NOW(), NOW()),
('a1000002-0001-0000-0000-000000000002', 'Bernardo Cunha', 't1000001-0000-0000-0000-000000000002', NOW(), NOW()),
('a1000002-0001-0000-0000-000000000003', 'Carolina Rocha', 't1000001-0000-0000-0000-000000000002', NOW(), NOW()),
('a1000002-0001-0000-0000-000000000004', 'Davi Monteiro', 't1000001-0000-0000-0000-000000000002', NOW(), NOW()),
('a1000002-0001-0000-0000-000000000005', 'Elena Castro', 't1000001-0000-0000-0000-000000000002', NOW(), NOW()),
('a1000002-0001-0000-0000-000000000006', 'Fernando Teixeira', 't1000001-0000-0000-0000-000000000002', NOW(), NOW()),
('a1000002-0001-0000-0000-000000000007', 'Giovanna Pinto', 't1000001-0000-0000-0000-000000000002', NOW(), NOW()),
('a1000002-0001-0000-0000-000000000008', 'Hugo Azevedo', 't1000001-0000-0000-0000-000000000002', NOW(), NOW()),
('a1000002-0001-0000-0000-000000000009', 'Isadora Freitas', 't1000001-0000-0000-0000-000000000002', NOW(), NOW()),
('a1000002-0001-0000-0000-000000000010', 'Julio Cesar Ramos', 't1000001-0000-0000-0000-000000000002', NOW(), NOW()),
('a1000002-0001-0000-0000-000000000011', 'Karina Borges', 't1000001-0000-0000-0000-000000000002', NOW(), NOW()),
('a1000002-0001-0000-0000-000000000012', 'Leonardo Vieira', 't1000001-0000-0000-0000-000000000002', NOW(), NOW()),
('a1000002-0001-0000-0000-000000000013', 'Melissa Campos', 't1000001-0000-0000-0000-000000000002', NOW(), NOW()),
('a1000002-0001-0000-0000-000000000014', 'Nathan Correia', 't1000001-0000-0000-0000-000000000002', NOW(), NOW()),
('a1000002-0001-0000-0000-000000000015', 'Paula Duarte', 't1000001-0000-0000-0000-000000000002', NOW(), NOW()),
('a1000002-0001-0000-0000-000000000016', 'Rafael Miranda', 't1000001-0000-0000-0000-000000000002', NOW(), NOW()),
('a1000002-0001-0000-0000-000000000017', 'Sofia Neves', 't1000001-0000-0000-0000-000000000002', NOW(), NOW()),
('a1000002-0001-0000-0000-000000000018', 'Tiago Lopes', 't1000001-0000-0000-0000-000000000002', NOW(), NOW()),
('a1000002-0001-0000-0000-000000000019', 'Valentina Moura', 't1000001-0000-0000-0000-000000000002', NOW(), NOW()),
('a1000002-0001-0000-0000-000000000020', 'William Pacheco', 't1000001-0000-0000-0000-000000000002', NOW(), NOW());

-- =============================================
-- ALUNOS - Turma 3 (8º Ano A) - 20 alunos
-- =============================================
INSERT INTO "Aluno" (id, nome, turma_id, criado_em, atualizado_em) VALUES
('a1000003-0001-0000-0000-000000000001', 'Amanda Reis', 't1000001-0000-0000-0000-000000000003', NOW(), NOW()),
('a1000003-0001-0000-0000-000000000002', 'Breno Farias', 't1000001-0000-0000-0000-000000000003', NOW(), NOW()),
('a1000003-0001-0000-0000-000000000003', 'Clara Barreto', 't1000001-0000-0000-0000-000000000003', NOW(), NOW()),
('a1000003-0001-0000-0000-000000000004', 'Diego Santana', 't1000001-0000-0000-0000-000000000003', NOW(), NOW()),
('a1000003-0001-0000-0000-000000000005', 'Elisa Medeiros', 't1000001-0000-0000-0000-000000000003', NOW(), NOW()),
('a1000003-0001-0000-0000-000000000006', 'Fabio Nogueira', 't1000001-0000-0000-0000-000000000003', NOW(), NOW()),
('a1000003-0001-0000-0000-000000000007', 'Giulia Sampaio', 't1000001-0000-0000-0000-000000000003', NOW(), NOW()),
('a1000003-0001-0000-0000-000000000008', 'Heitor Andrade', 't1000001-0000-0000-0000-000000000003', NOW(), NOW()),
('a1000003-0001-0000-0000-000000000009', 'Ingrid Cavalcanti', 't1000001-0000-0000-0000-000000000003', NOW(), NOW()),
('a1000003-0001-0000-0000-000000000010', 'Jonas Xavier', 't1000001-0000-0000-0000-000000000003', NOW(), NOW()),
('a1000003-0001-0000-0000-000000000011', 'Katia Vasconcelos', 't1000001-0000-0000-0000-000000000003', NOW(), NOW()),
('a1000003-0001-0000-0000-000000000012', 'Leandro Macedo', 't1000001-0000-0000-0000-000000000003', NOW(), NOW()),
('a1000003-0001-0000-0000-000000000013', 'Monica Guimaraes', 't1000001-0000-0000-0000-000000000003', NOW(), NOW()),
('a1000003-0001-0000-0000-000000000014', 'Natan Fonseca', 't1000001-0000-0000-0000-000000000003', NOW(), NOW()),
('a1000003-0001-0000-0000-000000000015', 'Priscila Toledo', 't1000001-0000-0000-0000-000000000003', NOW(), NOW()),
('a1000003-0001-0000-0000-000000000016', 'Ricardo Amaral', 't1000001-0000-0000-0000-000000000003', NOW(), NOW()),
('a1000003-0001-0000-0000-000000000017', 'Sara Brandao', 't1000001-0000-0000-0000-000000000003', NOW(), NOW()),
('a1000003-0001-0000-0000-000000000018', 'Tales Pinheiro', 't1000001-0000-0000-0000-000000000003', NOW(), NOW()),
('a1000003-0001-0000-0000-000000000019', 'Ursula Matos', 't1000001-0000-0000-0000-000000000003', NOW(), NOW()),
('a1000003-0001-0000-0000-000000000020', 'Victor Hugo Brito', 't1000001-0000-0000-0000-000000000003', NOW(), NOW());

-- =============================================
-- PROVAS (2 provas por turma = 6 provas)
-- =============================================
INSERT INTO "Prova" (id, nome, turma_id, ano_letivo, peso, tipo, data_prova, user_id, criado_em, atualizado_em) VALUES
-- Turma 1
('p1000001-0000-0000-0000-000000000001', 'Prova Bimestral 1', 't1000001-0000-0000-0000-000000000001', 2025, 2.00, 'COMUM', '2025-03-15', 'SEU_USER_ID_AQUI', NOW(), NOW()),
('p1000001-0000-0000-0000-000000000002', 'Prova Bimestral 2', 't1000001-0000-0000-0000-000000000001', 2025, 2.00, 'COMUM', '2025-05-20', 'SEU_USER_ID_AQUI', NOW(), NOW()),
-- Turma 2
('p1000001-0000-0000-0000-000000000003', 'Prova Bimestral 1', 't1000001-0000-0000-0000-000000000002', 2025, 2.00, 'COMUM', '2025-03-15', 'SEU_USER_ID_AQUI', NOW(), NOW()),
('p1000001-0000-0000-0000-000000000004', 'Prova Bimestral 2', 't1000001-0000-0000-0000-000000000002', 2025, 2.00, 'COMUM', '2025-05-20', 'SEU_USER_ID_AQUI', NOW(), NOW()),
-- Turma 3
('p1000001-0000-0000-0000-000000000005', 'Prova Bimestral 1', 't1000001-0000-0000-0000-000000000003', 2025, 2.00, 'COMUM', '2025-03-15', 'SEU_USER_ID_AQUI', NOW(), NOW()),
('p1000001-0000-0000-0000-000000000006', 'Prova Bimestral 2', 't1000001-0000-0000-0000-000000000003', 2025, 2.00, 'COMUM', '2025-05-20', 'SEU_USER_ID_AQUI', NOW(), NOW());

-- =============================================
-- NOTAS - Turma 1, Prova 1
-- =============================================
INSERT INTO "Nota" (id, aluno_id, prova_id, valor_nota, data_lancada, criado_em, atualizado_em) VALUES
('n1000001-0001-0001-0000-000000000001', 'a1000001-0001-0000-0000-000000000001', 'p1000001-0000-0000-0000-000000000001', 8.50, NOW(), NOW(), NOW()),
('n1000001-0001-0001-0000-000000000002', 'a1000001-0001-0000-0000-000000000002', 'p1000001-0000-0000-0000-000000000001', 7.00, NOW(), NOW(), NOW()),
('n1000001-0001-0001-0000-000000000003', 'a1000001-0001-0000-0000-000000000003', 'p1000001-0000-0000-0000-000000000001', 9.25, NOW(), NOW(), NOW()),
('n1000001-0001-0001-0000-000000000004', 'a1000001-0001-0000-0000-000000000004', 'p1000001-0000-0000-0000-000000000001', 6.00, NOW(), NOW(), NOW()),
('n1000001-0001-0001-0000-000000000005', 'a1000001-0001-0000-0000-000000000005', 'p1000001-0000-0000-0000-000000000001', 8.75, NOW(), NOW(), NOW()),
('n1000001-0001-0001-0000-000000000006', 'a1000001-0001-0000-0000-000000000006', 'p1000001-0000-0000-0000-000000000001', 5.50, NOW(), NOW(), NOW()),
('n1000001-0001-0001-0000-000000000007', 'a1000001-0001-0000-0000-000000000007', 'p1000001-0000-0000-0000-000000000001', 9.00, NOW(), NOW(), NOW()),
('n1000001-0001-0001-0000-000000000008', 'a1000001-0001-0000-0000-000000000008', 'p1000001-0000-0000-0000-000000000001', 7.25, NOW(), NOW(), NOW()),
('n1000001-0001-0001-0000-000000000009', 'a1000001-0001-0000-0000-000000000009', 'p1000001-0000-0000-0000-000000000001', 8.00, NOW(), NOW(), NOW()),
('n1000001-0001-0001-0000-000000000010', 'a1000001-0001-0000-0000-000000000010', 'p1000001-0000-0000-0000-000000000001', 6.75, NOW(), NOW(), NOW()),
('n1000001-0001-0001-0000-000000000011', 'a1000001-0001-0000-0000-000000000011', 'p1000001-0000-0000-0000-000000000001', 9.50, NOW(), NOW(), NOW()),
('n1000001-0001-0001-0000-000000000012', 'a1000001-0001-0000-0000-000000000012', 'p1000001-0000-0000-0000-000000000001', 4.50, NOW(), NOW(), NOW()),
('n1000001-0001-0001-0000-000000000013', 'a1000001-0001-0000-0000-000000000013', 'p1000001-0000-0000-0000-000000000001', 7.75, NOW(), NOW(), NOW()),
('n1000001-0001-0001-0000-000000000014', 'a1000001-0001-0000-0000-000000000014', 'p1000001-0000-0000-0000-000000000001', 8.25, NOW(), NOW(), NOW()),
('n1000001-0001-0001-0000-000000000015', 'a1000001-0001-0000-0000-000000000015', 'p1000001-0000-0000-0000-000000000001', 6.50, NOW(), NOW(), NOW()),
('n1000001-0001-0001-0000-000000000016', 'a1000001-0001-0000-0000-000000000016', 'p1000001-0000-0000-0000-000000000001', 7.50, NOW(), NOW(), NOW()),
('n1000001-0001-0001-0000-000000000017', 'a1000001-0001-0000-0000-000000000017', 'p1000001-0000-0000-0000-000000000001', 9.75, NOW(), NOW(), NOW()),
('n1000001-0001-0001-0000-000000000018', 'a1000001-0001-0000-0000-000000000018', 'p1000001-0000-0000-0000-000000000001', 5.00, NOW(), NOW(), NOW()),
('n1000001-0001-0001-0000-000000000019', 'a1000001-0001-0000-0000-000000000019', 'p1000001-0000-0000-0000-000000000001', 8.00, NOW(), NOW(), NOW()),
('n1000001-0001-0001-0000-000000000020', 'a1000001-0001-0000-0000-000000000020', 'p1000001-0000-0000-0000-000000000001', 7.25, NOW(), NOW(), NOW());

-- =============================================
-- NOTAS - Turma 1, Prova 2
-- =============================================
INSERT INTO "Nota" (id, aluno_id, prova_id, valor_nota, data_lancada, criado_em, atualizado_em) VALUES
('n1000001-0001-0002-0000-000000000001', 'a1000001-0001-0000-0000-000000000001', 'p1000001-0000-0000-0000-000000000002', 9.00, NOW(), NOW(), NOW()),
('n1000001-0001-0002-0000-000000000002', 'a1000001-0001-0000-0000-000000000002', 'p1000001-0000-0000-0000-000000000002', 7.50, NOW(), NOW(), NOW()),
('n1000001-0001-0002-0000-000000000003', 'a1000001-0001-0000-0000-000000000003', 'p1000001-0000-0000-0000-000000000002', 9.50, NOW(), NOW(), NOW()),
('n1000001-0001-0002-0000-000000000004', 'a1000001-0001-0000-0000-000000000004', 'p1000001-0000-0000-0000-000000000002', 6.75, NOW(), NOW(), NOW()),
('n1000001-0001-0002-0000-000000000005', 'a1000001-0001-0000-0000-000000000005', 'p1000001-0000-0000-0000-000000000002', 9.00, NOW(), NOW(), NOW()),
('n1000001-0001-0002-0000-000000000006', 'a1000001-0001-0000-0000-000000000006', 'p1000001-0000-0000-0000-000000000002', 6.25, NOW(), NOW(), NOW()),
('n1000001-0001-0002-0000-000000000007', 'a1000001-0001-0000-0000-000000000007', 'p1000001-0000-0000-0000-000000000002', 9.25, NOW(), NOW(), NOW()),
('n1000001-0001-0002-0000-000000000008', 'a1000001-0001-0000-0000-000000000008', 'p1000001-0000-0000-0000-000000000002', 7.75, NOW(), NOW(), NOW()),
('n1000001-0001-0002-0000-000000000009', 'a1000001-0001-0000-0000-000000000009', 'p1000001-0000-0000-0000-000000000002', 8.50, NOW(), NOW(), NOW()),
('n1000001-0001-0002-0000-000000000010', 'a1000001-0001-0000-0000-000000000010', 'p1000001-0000-0000-0000-000000000002', 7.00, NOW(), NOW(), NOW()),
('n1000001-0001-0002-0000-000000000011', 'a1000001-0001-0000-0000-000000000011', 'p1000001-0000-0000-0000-000000000002', 10.00, NOW(), NOW(), NOW()),
('n1000001-0001-0002-0000-000000000012', 'a1000001-0001-0000-0000-000000000012', 'p1000001-0000-0000-0000-000000000002', 5.50, NOW(), NOW(), NOW()),
('n1000001-0001-0002-0000-000000000013', 'a1000001-0001-0000-0000-000000000013', 'p1000001-0000-0000-0000-000000000002', 8.25, NOW(), NOW(), NOW()),
('n1000001-0001-0002-0000-000000000014', 'a1000001-0001-0000-0000-000000000014', 'p1000001-0000-0000-0000-000000000002', 8.75, NOW(), NOW(), NOW()),
('n1000001-0001-0002-0000-000000000015', 'a1000001-0001-0000-0000-000000000015', 'p1000001-0000-0000-0000-000000000002', 7.00, NOW(), NOW(), NOW()),
('n1000001-0001-0002-0000-000000000016', 'a1000001-0001-0000-0000-000000000016', 'p1000001-0000-0000-0000-000000000002', 8.00, NOW(), NOW(), NOW()),
('n1000001-0001-0002-0000-000000000017', 'a1000001-0001-0000-0000-000000000017', 'p1000001-0000-0000-0000-000000000002', 9.50, NOW(), NOW(), NOW()),
('n1000001-0001-0002-0000-000000000018', 'a1000001-0001-0000-0000-000000000018', 'p1000001-0000-0000-0000-000000000002', 6.00, NOW(), NOW(), NOW()),
('n1000001-0001-0002-0000-000000000019', 'a1000001-0001-0000-0000-000000000019', 'p1000001-0000-0000-0000-000000000002', 8.50, NOW(), NOW(), NOW()),
('n1000001-0001-0002-0000-000000000020', 'a1000001-0001-0000-0000-000000000020', 'p1000001-0000-0000-0000-000000000002', 7.75, NOW(), NOW(), NOW());

-- =============================================
-- NOTAS - Turma 2, Prova 1
-- =============================================
INSERT INTO "Nota" (id, aluno_id, prova_id, valor_nota, data_lancada, criado_em, atualizado_em) VALUES
('n1000002-0001-0001-0000-000000000001', 'a1000002-0001-0000-0000-000000000001', 'p1000001-0000-0000-0000-000000000003', 7.50, NOW(), NOW(), NOW()),
('n1000002-0001-0001-0000-000000000002', 'a1000002-0001-0000-0000-000000000002', 'p1000001-0000-0000-0000-000000000003', 8.25, NOW(), NOW(), NOW()),
('n1000002-0001-0001-0000-000000000003', 'a1000002-0001-0000-0000-000000000003', 'p1000001-0000-0000-0000-000000000003', 6.75, NOW(), NOW(), NOW()),
('n1000002-0001-0001-0000-000000000004', 'a1000002-0001-0000-0000-000000000004', 'p1000001-0000-0000-0000-000000000003', 9.00, NOW(), NOW(), NOW()),
('n1000002-0001-0001-0000-000000000005', 'a1000002-0001-0000-0000-000000000005', 'p1000001-0000-0000-0000-000000000003', 7.00, NOW(), NOW(), NOW()),
('n1000002-0001-0001-0000-000000000006', 'a1000002-0001-0000-0000-000000000006', 'p1000001-0000-0000-0000-000000000003', 8.50, NOW(), NOW(), NOW()),
('n1000002-0001-0001-0000-000000000007', 'a1000002-0001-0000-0000-000000000007', 'p1000001-0000-0000-0000-000000000003', 5.75, NOW(), NOW(), NOW()),
('n1000002-0001-0001-0000-000000000008', 'a1000002-0001-0000-0000-000000000008', 'p1000001-0000-0000-0000-000000000003', 9.25, NOW(), NOW(), NOW()),
('n1000002-0001-0001-0000-000000000009', 'a1000002-0001-0000-0000-000000000009', 'p1000001-0000-0000-0000-000000000003', 6.50, NOW(), NOW(), NOW()),
('n1000002-0001-0001-0000-000000000010', 'a1000002-0001-0000-0000-000000000010', 'p1000001-0000-0000-0000-000000000003', 8.00, NOW(), NOW(), NOW()),
('n1000002-0001-0001-0000-000000000011', 'a1000002-0001-0000-0000-000000000011', 'p1000001-0000-0000-0000-000000000003', 7.25, NOW(), NOW(), NOW()),
('n1000002-0001-0001-0000-000000000012', 'a1000002-0001-0000-0000-000000000012', 'p1000001-0000-0000-0000-000000000003', 9.50, NOW(), NOW(), NOW()),
('n1000002-0001-0001-0000-000000000013', 'a1000002-0001-0000-0000-000000000013', 'p1000001-0000-0000-0000-000000000003', 4.75, NOW(), NOW(), NOW()),
('n1000002-0001-0001-0000-000000000014', 'a1000002-0001-0000-0000-000000000014', 'p1000001-0000-0000-0000-000000000003', 8.75, NOW(), NOW(), NOW()),
('n1000002-0001-0001-0000-000000000015', 'a1000002-0001-0000-0000-000000000015', 'p1000001-0000-0000-0000-000000000003', 7.50, NOW(), NOW(), NOW()),
('n1000002-0001-0001-0000-000000000016', 'a1000002-0001-0000-0000-000000000016', 'p1000001-0000-0000-0000-000000000003', 6.25, NOW(), NOW(), NOW()),
('n1000002-0001-0001-0000-000000000017', 'a1000002-0001-0000-0000-000000000017', 'p1000001-0000-0000-0000-000000000003', 8.00, NOW(), NOW(), NOW()),
('n1000002-0001-0001-0000-000000000018', 'a1000002-0001-0000-0000-000000000018', 'p1000001-0000-0000-0000-000000000003', 7.75, NOW(), NOW(), NOW()),
('n1000002-0001-0001-0000-000000000019', 'a1000002-0001-0000-0000-000000000019', 'p1000001-0000-0000-0000-000000000003', 9.00, NOW(), NOW(), NOW()),
('n1000002-0001-0001-0000-000000000020', 'a1000002-0001-0000-0000-000000000020', 'p1000001-0000-0000-0000-000000000003', 5.50, NOW(), NOW(), NOW());

-- =============================================
-- NOTAS - Turma 2, Prova 2
-- =============================================
INSERT INTO "Nota" (id, aluno_id, prova_id, valor_nota, data_lancada, criado_em, atualizado_em) VALUES
('n1000002-0001-0002-0000-000000000001', 'a1000002-0001-0000-0000-000000000001', 'p1000001-0000-0000-0000-000000000004', 8.00, NOW(), NOW(), NOW()),
('n1000002-0001-0002-0000-000000000002', 'a1000002-0001-0000-0000-000000000002', 'p1000001-0000-0000-0000-000000000004', 8.75, NOW(), NOW(), NOW()),
('n1000002-0001-0002-0000-000000000003', 'a1000002-0001-0000-0000-000000000003', 'p1000001-0000-0000-0000-000000000004', 7.25, NOW(), NOW(), NOW()),
('n1000002-0001-0002-0000-000000000004', 'a1000002-0001-0000-0000-000000000004', 'p1000001-0000-0000-0000-000000000004', 9.50, NOW(), NOW(), NOW()),
('n1000002-0001-0002-0000-000000000005', 'a1000002-0001-0000-0000-000000000005', 'p1000001-0000-0000-0000-000000000004', 7.50, NOW(), NOW(), NOW()),
('n1000002-0001-0002-0000-000000000006', 'a1000002-0001-0000-0000-000000000006', 'p1000001-0000-0000-0000-000000000004', 9.00, NOW(), NOW(), NOW()),
('n1000002-0001-0002-0000-000000000007', 'a1000002-0001-0000-0000-000000000007', 'p1000001-0000-0000-0000-000000000004', 6.50, NOW(), NOW(), NOW()),
('n1000002-0001-0002-0000-000000000008', 'a1000002-0001-0000-0000-000000000008', 'p1000001-0000-0000-0000-000000000004', 9.75, NOW(), NOW(), NOW()),
('n1000002-0001-0002-0000-000000000009', 'a1000002-0001-0000-0000-000000000009', 'p1000001-0000-0000-0000-000000000004', 7.00, NOW(), NOW(), NOW()),
('n1000002-0001-0002-0000-000000000010', 'a1000002-0001-0000-0000-000000000010', 'p1000001-0000-0000-0000-000000000004', 8.50, NOW(), NOW(), NOW()),
('n1000002-0001-0002-0000-000000000011', 'a1000002-0001-0000-0000-000000000011', 'p1000001-0000-0000-0000-000000000004', 7.75, NOW(), NOW(), NOW()),
('n1000002-0001-0002-0000-000000000012', 'a1000002-0001-0000-0000-000000000012', 'p1000001-0000-0000-0000-000000000004', 10.00, NOW(), NOW(), NOW()),
('n1000002-0001-0002-0000-000000000013', 'a1000002-0001-0000-0000-000000000013', 'p1000001-0000-0000-0000-000000000004', 5.50, NOW(), NOW(), NOW()),
('n1000002-0001-0002-0000-000000000014', 'a1000002-0001-0000-0000-000000000014', 'p1000001-0000-0000-0000-000000000004', 9.25, NOW(), NOW(), NOW()),
('n1000002-0001-0002-0000-000000000015', 'a1000002-0001-0000-0000-000000000015', 'p1000001-0000-0000-0000-000000000004', 8.00, NOW(), NOW(), NOW()),
('n1000002-0001-0002-0000-000000000016', 'a1000002-0001-0000-0000-000000000016', 'p1000001-0000-0000-0000-000000000004', 6.75, NOW(), NOW(), NOW()),
('n1000002-0001-0002-0000-000000000017', 'a1000002-0001-0000-0000-000000000017', 'p1000001-0000-0000-0000-000000000004', 8.50, NOW(), NOW(), NOW()),
('n1000002-0001-0002-0000-000000000018', 'a1000002-0001-0000-0000-000000000018', 'p1000001-0000-0000-0000-000000000004', 8.25, NOW(), NOW(), NOW()),
('n1000002-0001-0002-0000-000000000019', 'a1000002-0001-0000-0000-000000000019', 'p1000001-0000-0000-0000-000000000004', 9.50, NOW(), NOW(), NOW()),
('n1000002-0001-0002-0000-000000000020', 'a1000002-0001-0000-0000-000000000020', 'p1000001-0000-0000-0000-000000000004', 6.00, NOW(), NOW(), NOW());

-- =============================================
-- NOTAS - Turma 3, Prova 1
-- =============================================
INSERT INTO "Nota" (id, aluno_id, prova_id, valor_nota, data_lancada, criado_em, atualizado_em) VALUES
('n1000003-0001-0001-0000-000000000001', 'a1000003-0001-0000-0000-000000000001', 'p1000001-0000-0000-0000-000000000005', 8.00, NOW(), NOW(), NOW()),
('n1000003-0001-0001-0000-000000000002', 'a1000003-0001-0000-0000-000000000002', 'p1000001-0000-0000-0000-000000000005', 6.50, NOW(), NOW(), NOW()),
('n1000003-0001-0001-0000-000000000003', 'a1000003-0001-0000-0000-000000000003', 'p1000001-0000-0000-0000-000000000005', 9.00, NOW(), NOW(), NOW()),
('n1000003-0001-0001-0000-000000000004', 'a1000003-0001-0000-0000-000000000004', 'p1000001-0000-0000-0000-000000000005', 7.25, NOW(), NOW(), NOW()),
('n1000003-0001-0001-0000-000000000005', 'a1000003-0001-0000-0000-000000000005', 'p1000001-0000-0000-0000-000000000005', 8.75, NOW(), NOW(), NOW()),
('n1000003-0001-0001-0000-000000000006', 'a1000003-0001-0000-0000-000000000006', 'p1000001-0000-0000-0000-000000000005', 5.00, NOW(), NOW(), NOW()),
('n1000003-0001-0001-0000-000000000007', 'a1000003-0001-0000-0000-000000000007', 'p1000001-0000-0000-0000-000000000005', 9.50, NOW(), NOW(), NOW()),
('n1000003-0001-0001-0000-000000000008', 'a1000003-0001-0000-0000-000000000008', 'p1000001-0000-0000-0000-000000000005', 7.75, NOW(), NOW(), NOW()),
('n1000003-0001-0001-0000-000000000009', 'a1000003-0001-0000-0000-000000000009', 'p1000001-0000-0000-0000-000000000005', 6.25, NOW(), NOW(), NOW()),
('n1000003-0001-0001-0000-000000000010', 'a1000003-0001-0000-0000-000000000010', 'p1000001-0000-0000-0000-000000000005', 8.50, NOW(), NOW(), NOW()),
('n1000003-0001-0001-0000-000000000011', 'a1000003-0001-0000-0000-000000000011', 'p1000001-0000-0000-0000-000000000005', 7.00, NOW(), NOW(), NOW()),
('n1000003-0001-0001-0000-000000000012', 'a1000003-0001-0000-0000-000000000012', 'p1000001-0000-0000-0000-000000000005', 9.25, NOW(), NOW(), NOW()),
('n1000003-0001-0001-0000-000000000013', 'a1000003-0001-0000-0000-000000000013', 'p1000001-0000-0000-0000-000000000005', 4.50, NOW(), NOW(), NOW()),
('n1000003-0001-0001-0000-000000000014', 'a1000003-0001-0000-0000-000000000014', 'p1000001-0000-0000-0000-000000000005', 8.00, NOW(), NOW(), NOW()),
('n1000003-0001-0001-0000-000000000015', 'a1000003-0001-0000-0000-000000000015', 'p1000001-0000-0000-0000-000000000005', 7.50, NOW(), NOW(), NOW()),
('n1000003-0001-0001-0000-000000000016', 'a1000003-0001-0000-0000-000000000016', 'p1000001-0000-0000-0000-000000000005', 6.75, NOW(), NOW(), NOW()),
('n1000003-0001-0001-0000-000000000017', 'a1000003-0001-0000-0000-000000000017', 'p1000001-0000-0000-0000-000000000005', 9.00, NOW(), NOW(), NOW()),
('n1000003-0001-0001-0000-000000000018', 'a1000003-0001-0000-0000-000000000018', 'p1000001-0000-0000-0000-000000000005', 5.50, NOW(), NOW(), NOW()),
('n1000003-0001-0001-0000-000000000019', 'a1000003-0001-0000-0000-000000000019', 'p1000001-0000-0000-0000-000000000005', 8.25, NOW(), NOW(), NOW()),
('n1000003-0001-0001-0000-000000000020', 'a1000003-0001-0000-0000-000000000020', 'p1000001-0000-0000-0000-000000000005', 7.00, NOW(), NOW(), NOW());

-- =============================================
-- NOTAS - Turma 3, Prova 2
-- =============================================
INSERT INTO "Nota" (id, aluno_id, prova_id, valor_nota, data_lancada, criado_em, atualizado_em) VALUES
('n1000003-0001-0002-0000-000000000001', 'a1000003-0001-0000-0000-000000000001', 'p1000001-0000-0000-0000-000000000006', 8.50, NOW(), NOW(), NOW()),
('n1000003-0001-0002-0000-000000000002', 'a1000003-0001-0000-0000-000000000002', 'p1000001-0000-0000-0000-000000000006', 7.25, NOW(), NOW(), NOW()),
('n1000003-0001-0002-0000-000000000003', 'a1000003-0001-0000-0000-000000000003', 'p1000001-0000-0000-0000-000000000006', 9.50, NOW(), NOW(), NOW()),
('n1000003-0001-0002-0000-000000000004', 'a1000003-0001-0000-0000-000000000004', 'p1000001-0000-0000-0000-000000000006', 7.75, NOW(), NOW(), NOW()),
('n1000003-0001-0002-0000-000000000005', 'a1000003-0001-0000-0000-000000000005', 'p1000001-0000-0000-0000-000000000006', 9.25, NOW(), NOW(), NOW()),
('n1000003-0001-0002-0000-000000000006', 'a1000003-0001-0000-0000-000000000006', 'p1000001-0000-0000-0000-000000000006', 5.75, NOW(), NOW(), NOW()),
('n1000003-0001-0002-0000-000000000007', 'a1000003-0001-0000-0000-000000000007', 'p1000001-0000-0000-0000-000000000006', 10.00, NOW(), NOW(), NOW()),
('n1000003-0001-0002-0000-000000000008', 'a1000003-0001-0000-0000-000000000008', 'p1000001-0000-0000-0000-000000000006', 8.25, NOW(), NOW(), NOW()),
('n1000003-0001-0002-0000-000000000009', 'a1000003-0001-0000-0000-000000000009', 'p1000001-0000-0000-0000-000000000006', 6.75, NOW(), NOW(), NOW()),
('n1000003-0001-0002-0000-000000000010', 'a1000003-0001-0000-0000-000000000010', 'p1000001-0000-0000-0000-000000000006', 9.00, NOW(), NOW(), NOW()),
('n1000003-0001-0002-0000-000000000011', 'a1000003-0001-0000-0000-000000000011', 'p1000001-0000-0000-0000-000000000006', 7.50, NOW(), NOW(), NOW()),
('n1000003-0001-0002-0000-000000000012', 'a1000003-0001-0000-0000-000000000012', 'p1000001-0000-0000-0000-000000000006', 9.75, NOW(), NOW(), NOW()),
('n1000003-0001-0002-0000-000000000013', 'a1000003-0001-0000-0000-000000000013', 'p1000001-0000-0000-0000-000000000006', 5.25, NOW(), NOW(), NOW()),
('n1000003-0001-0002-0000-000000000014', 'a1000003-0001-0000-0000-000000000014', 'p1000001-0000-0000-0000-000000000006', 8.50, NOW(), NOW(), NOW()),
('n1000003-0001-0002-0000-000000000015', 'a1000003-0001-0000-0000-000000000015', 'p1000001-0000-0000-0000-000000000006', 8.00, NOW(), NOW(), NOW()),
('n1000003-0001-0002-0000-000000000016', 'a1000003-0001-0000-0000-000000000016', 'p1000001-0000-0000-0000-000000000006', 7.25, NOW(), NOW(), NOW()),
('n1000003-0001-0002-0000-000000000017', 'a1000003-0001-0000-0000-000000000017', 'p1000001-0000-0000-0000-000000000006', 9.50, NOW(), NOW(), NOW()),
('n1000003-0001-0002-0000-000000000018', 'a1000003-0001-0000-0000-000000000018', 'p1000001-0000-0000-0000-000000000006', 6.25, NOW(), NOW(), NOW()),
('n1000003-0001-0002-0000-000000000019', 'a1000003-0001-0000-0000-000000000019', 'p1000001-0000-0000-0000-000000000006', 8.75, NOW(), NOW(), NOW()),
('n1000003-0001-0002-0000-000000000020', 'a1000003-0001-0000-0000-000000000020', 'p1000001-0000-0000-0000-000000000006', 7.50, NOW(), NOW(), NOW());

-- =============================================
-- RESUMO DOS DADOS INSERIDOS:
-- - 3 Turmas
-- - 60 Alunos (20 por turma)
-- - 6 Provas (2 por turma)
-- - 120 Notas (20 por prova)
-- =============================================
